장르,제목,회차,좋아요수,평점,평점기여자수,전체댓글수,베댓공감수,베댓비공감수
드라마,1초,149,12835,9.97,14234,472,69826,275
드라마,1초,150,13830,9.98,14964,894,95664,226
드라마,1초,151,13054,9.98,13707,644,71379,255
드라마,1초,152,12982,9.98,14297,452,69477,804
드라마,1초,153,13084,9.97,14815,376,80004,590
드라마,1초,154,12021,9.98,13418,357,53812,401
드라마,1초,155,12728,9.98,14404,711,60375,271
드라마,1초,156,12474,9.98,13977,947,86214,189
드라마,1초,157,11699,9.98,12818,400,74042,335
드라마,1초,158,11121,9.98,12495,484,51835,187
드라마,1초,159,11262,9.98,12736,466,78727,245
드라마,1초,160,10542,9.98,12018,918,77230,241
드라마,개를낳았다,153,15174,9.97,16719,481,49740,174
드라마,개를낳았다,154,16494,9.97,17551,762,100916,184
드라마,개를낳았다,155,15676,9.97,16389,1307,107796,276
드라마,개를낳았다,156,14693,9.97,15854,569,68726,402
드라마,개를낳았다,157,15319,9.97,16659,827,61130,202
드라마,개를낳았다,158,14173,9.95,15195,959,119134,1863
드라마,개를낳았다,159,14193,9.96,15550,805,101537,896
드라마,개를낳았다,160,14088,9.95,15428,1474,115700,6611
드라마,개를낳았다,161,14008,9.97,15307,579,81609,434
드라마,개를낳았다,162,14382,9.97,16201,653,100137,446
드라마,개를낳았다,163,14694,9.98,16150,940,79508,203
드라마,개를낳았다,164,12934,9.97,13611,864,88861,231
드라마,랜덤채팅의그녀,216,10156,8.66,11136,1747,38246,600
드라마,랜덤채팅의그녀,217,10599,9.51,11371,1630,44258,1076
드라마,랜덤채팅의그녀,218,10050,9.66,10422,1154,40426,814
드라마,랜덤채팅의그녀,219,9758,9.49,9584,1518,42213,1664
드라마,랜덤채팅의그녀,220,9995,9.59,10744,1411,47192,1876
드라마,랜덤채팅의그녀,221,9601,7.7,13667,2670,39005,1270
드라마,랜덤채팅의그녀,222,9074,8.48,10748,1571,45784,1565
드라마,랜덤채팅의그녀,223,9054,7.32,12671,2404,39586,1002
드라마,랜덤채팅의그녀,224,8319,6.49,11743,2587,47159,916
드라마,랜덤채팅의그녀,225,7873,5.94,16961,2448,36191,777
드라마,랜덤채팅의그녀,226,7347,6.72,10168,1875,41399,830
드라마,랜덤채팅의그녀,227,6937,8.74,8634,1909,58438,756
드라마,백수세끼,110,13046,9.94,13075,1052,148201,646
드라마,백수세끼,111,12829,9.5,14003,681,89168,318
드라마,백수세끼,112,11943,9.41,13384,854,67177,1199
드라마,백수세끼,113,12260,9.89,12648,569,79587,958
드라마,백수세끼,114,11684,9.85,12353,656,57143,667
드라마,백수세끼,115,11378,9.9,11455,525,71188,354
드라마,백수세끼,116,11676,9.86,12564,384,90210,462
드라마,백수세끼,117,10395,8.78,12145,1112,88303,731
드라마,백수세끼,118,10361,9.82,10963,496,73371,227
드라마,백수세끼,119,11459,9.96,12147,462,100715,354
드라마,백수세끼,120,9563,9.88,10594,416,72665,382
드라마,백수세끼,121,7995,9.75,9198,506,60623,519
드라마,뷰티풀군바리,317,12589,9.53,15807,1387,76564,5036
드라마,뷰티풀군바리,318,12325,9.82,14749,844,41244,896
드라마,뷰티풀군바리,319,12360,9.61,16562,1333,42621,1437
드라마,뷰티풀군바리,320,12752,9.42,17878,2537,56231,1201
드라마,뷰티풀군바리,321,10867,9.89,12967,1276,23066,280
드라마,뷰티풀군바리,322,11989,9.85,14177,1862,52467,1987
드라마,뷰티풀군바리,323,11277,9.9,12796,842,66545,438
드라마,뷰티풀군바리,324,11148,9.92,12778,919,88725,299
드라마,뷰티풀군바리,325,10911,9.94,12879,1221,64104,690
드라마,뷰티풀군바리,326,10805,9.82,13015,1061,65453,693
드라마,뷰티풀군바리,327,10300,9.86,12232,1884,93964,605
드라마,뷰티풀군바리,328,9005,9.81,11079,1537,78225,669
드라마,소녀의세계,302,24357,9.96,26111,1703,208525,461
드라마,소녀의세계,303,21040,9.96,21469,1019,172730,1074
드라마,소녀의세계,304,21884,9.95,22576,1020,221491,645
드라마,소녀의세계,305,21092,9.64,22265,1351,176501,1638
드라마,소녀의세계,306,22555,9.79,24674,1677,243949,1800
드라마,소녀의세계,307,21443,9.78,23222,1549,134392,1681
드라마,소녀의세계,308,22207,7.31,36901,4262,183275,6185
드라마,소녀의세계,309,19229,8.78,22691,1720,128626,2812
드라마,소녀의세계,310,18930,9.63,21587,1115,144468,843
드라마,소녀의세계,311,20881,9.92,22850,1480,216986,424
드라마,소녀의세계,312,16112,9.16,17430,941,85173,1004
드라마,소녀의세계,313,15047,9.84,16837,1696,156109,845
드라마,연애혁명,389,37612,9.95,33906,4805,321467,1559
드라마,연애혁명,390,36251,9.92,31973,3153,262919,2674
드라마,연애혁명,391,36447,9.95,32403,3511,367337,8747
드라마,연애혁명,392,35127,9.38,38076,3897,298455,5072
드라마,연애혁명,393,35073,9.87,34136,3607,273054,5612
드라마,연애혁명,394,40591,9.9,36583,3991,340209,3204
드라마,연애혁명,395,33471,9.79,29064,3160,263081,6366
드라마,연애혁명,396,35173,9.93,30060,3875,366990,1750
드라마,연애혁명,397,34446,9.84,29489,3243,228215,1492
드라마,연애혁명,398,31123,9.87,27400,2328,217590,1229
드라마,연애혁명,399,34100,9.91,31523,3047,299194,1145
드라마,연애혁명,400,34702,9.96,31755,2976,249838,762
드라마,중증외상센터,100,12749,9.97,11834,398,48869,214
드라마,중증외상센터,101,13074,9.97,12660,424,50518,164
드라마,중증외상센터,102,12908,9.98,12785,265,49887,313
드라마,중증외상센터,103,13185,9.98,12582,536,71311,196
드라마,중증외상센터,104,12266,9.96,11714,432,50013,305
드라마,중증외상센터,105,12665,9.96,12545,579,45640,269
드라마,중증외상센터,106,11755,9.96,11859,293,40833,120
드라마,중증외상센터,107,11350,9.98,10975,344,35050,139
드라마,중증외상센터,108,10980,9.98,10268,279,38828,268
드라마,중증외상센터,109,10434,9.97,10171,324,33512,255
드라마,중증외상센터,110,10058,9.96,9423,586,33204,222
드라마,중증외상센터,111,7961,9.94,7679,403,30834,243
드라마,캐슬,110,11248,9.9,14939,677,28777,560
드라마,캐슬,111,12015,9.91,16859,1078,40279,656
드라마,캐슬,112,10926,9.93,13742,884,29126,278
드라마,캐슬,113,11347,9.96,14255,1007,41721,413
드라마,캐슬,114,11619,9.95,15789,1220,34138,471
드라마,캐슬,115,11874,9.96,14306,1196,34549,643
드라마,캐슬,116,10893,9.97,13500,962,32674,419
드라마,캐슬,117,10386,9.97,13100,595,26965,480
드라마,캐슬,118,11459,9.98,15990,1090,34571,455
드라마,캐슬,119,10689,9.97,14395,993,27295,456
드라마,캐슬,120,10773,9.97,15321,1036,29120,496
드라마,캐슬,121,9075,9.96,12923,1334,24322,265
드라마,프리드로우,424,12144,9.62,14545,1139,28840,719
드라마,프리드로우,425,11928,9.67,13431,836,51107,571
드라마,프리드로우,426,11571,6.67,19079,1431,55979,1654
드라마,프리드로우,427,11484,7.66,17454,1467,51225,1393
드라마,프리드로우,428,12147,9.64,15158,1234,39638,550
드라마,프리드로우,429,12375,9.82,14040,883,52388,1037
드라마,프리드로우,430,11443,9.76,12692,529,37605,1234
드라마,프리드로우,431,10769,9.62,11599,774,37773,867
드라마,프리드로우,432,10062,8.96,12359,796,28321,1186
드라마,프리드로우,433,8939,6.81,14502,1419,42899,2169
드라마,프리드로우,434,9618,9.6,12190,1091,36499,586
드라마,프리드로우,435,8156,9.68,9442,458,31232,567
판타지,쿠베라,539,2938,9.96,4528,435,22912,125
판타지,쿠베라,540,2907,9.96,4437,430,20593,132
판타지,쿠베라,541,2974,9.96,4646,569,29072,109
판타지,쿠베라,542,3370,9.97,5309,1094,33561,72
판타지,쿠베라,543,3307,9.97,4632,1059,32154,156
판타지,쿠베라,544,2689,9.96,4018,331,20297,110
판타지,쿠베라,545,2818,9.95,4246,522,25899,95
판타지,쿠베라,546,2649,9.95,4052,401,22097,78
판타지,쿠베라,547,2895,9.96,4641,616,22836,110
판타지,쿠베라,548,2955,9.97,4861,696,25854,115
판타지,쿠베라,549,2537,9.95,3819,584,25767,112
판타지,쿠베라,550,2373,9.96,3656,435,17660,161
판타지,취사병전설이되다,143,11036,9.94,11790,421,47470,700
판타지,취사병전설이되다,144,11147,9.96,12135,564,64213,362
판타지,취사병전설이되다,145,11530,9.93,13433,973,72515,466
판타지,취사병전설이되다,146,11531,9.96,13428,569,64556,446
판타지,취사병전설이되다,147,11147,9.94,12764,1050,53682,301
판타지,취사병전설이되다,148,11241,9.94,13025,925,36243,646
판타지,취사병전설이되다,149,11069,9.9,11968,1632,69882,2178
판타지,취사병전설이되다,150,10955,9.95,12879,761,57281,320
판타지,취사병전설이되다,151,10619,9.9,12349,692,51937,363
판타지,취사병전설이되다,152,11071,9.95,12852,914,86893,630
판타지,취사병전설이되다,153,10612,9.91,12509,1409,72894,369
판타지,취사병전설이되다,154,10221,9.91,12138,1725,70335,997
판타지,전지적독자시점,87,30971,9.98,28524,2637,184679,2187
판타지,전지적독자시점,88,28570,9.97,25336,1877,131098,527
판타지,전지적독자시점,89,27255,9.97,25005,1063,132162,437
판타지,전지적독자시점,90,25645,9.95,23997,1180,117207,422
판타지,전지적독자시점,91,26741,9.94,24362,1747,127351,631
판타지,전지적독자시점,92,26547,9.97,24547,1383,132656,726
판타지,전지적독자시점,93,25661,9.96,22328,1622,134208,2224
판타지,전지적독자시점,94,23731,9.95,22721,735,94684,528
판타지,전지적독자시점,95,24217,9.97,22595,1189,148293,434
판타지,전지적독자시점,96,23010,9.98,21887,1798,67636,1627
판타지,전지적독자시점,97,22230,9.97,21287,2153,92377,350
판타지,전지적독자시점,98,15878,9.96,14792,892,54802,508
판타지,열렙전사,307,7661,9.86,9539,1390,13459,225
판타지,열렙전사,308,8028,9.93,10124,1803,14310,187
판타지,열렙전사,309,6980,9.92,7624,419,9343,183
판타지,열렙전사,310,6742,9.53,7806,404,10225,398
판타지,열렙전사,311,7392,9.59,9508,947,23689,527
판타지,열렙전사,312,7125,9.77,9291,769,24379,232
판타지,열렙전사,313,6566,9.69,8594,677,21383,302
판타지,열렙전사,314,7241,9.83,7981,649,21268,210
판타지,열렙전사,315,6437,9.83,6991,480,22882,232
판타지,열렙전사,316,6003,9.84,6655,476,20226,157
판타지,열렙전사,317,6358,8.67,9282,1324,24707,1105
판타지,열렙전사,318,5048,9.23,8521,1839,28235,547
판타지,앵무살수,94,5158,9.97,7453,211,7378,282
판타지,앵무살수,95,5237,9.97,8036,212,7816,110
판타지,앵무살수,96,5156,9.95,7926,286,10315,121
판타지,앵무살수,97,5104,9.98,7667,232,9207,129
판타지,앵무살수,98,5331,9.98,8193,245,9749,412
판타지,앵무살수,99,4744,9.97,6806,140,5571,115
판타지,앵무살수,100,4849,9.98,6977,247,9978,198
판타지,앵무살수,101,4591,9.97,6642,189,7631,149
판타지,앵무살수,102,4312,9.94,6394,160,5246,155
판타지,앵무살수,103,4321,9.96,6411,186,5630,119
판타지,앵무살수,104,4242,9.98,6437,250,9396,129
판타지,앵무살수,105,3720,9.98,5752,247,8304,466
판타지,신의탑,523,11553,9.35,18288,1156,41087,2549
판타지,신의탑,524,11014,8.14,21588,2525,37353,3326
판타지,신의탑,525,10480,8.11,19456,1947,28307,2003
판타지,신의탑,526,11895,9.47,19122,1551,49386,2582
판타지,신의탑,527,12340,9.68,18613,1371,44978,1089
판타지,신의탑,528,12728,9.68,21493,1742,66536,1261
판타지,신의탑,529,11304,9.68,16534,1193,49072,821
판타지,신의탑,530,10636,9.67,15590,862,43734,576
판타지,신의탑,531,10655,9.66,16769,1122,50692,1164
판타지,신의탑,532,10166,9.25,16654,1802,35029,2598
판타지,신의탑,533,9508,8.02,18033,2050,37108,2846
판타지,신의탑,534,8318,8.03,16527,2138,34891,2532
판타지,데드퀸,71,7339,9.95,10156,390,30839,286
판타지,데드퀸,72,7110,9.96,10232,420,34827,218
판타지,데드퀸,73,7266,9.96,9798,466,39470,523
판타지,데드퀸,74,7295,9.97,10566,348,40007,232
판타지,데드퀸,75,6867,9.96,9785,535,39293,341
판타지,데드퀸,76,6858,9.95,10069,359,25322,429
판타지,데드퀸,77,6762,9.97,10288,664,51415,200
판타지,데드퀸,78,6339,9.97,9261,407,30769,338
판타지,데드퀸,79,6224,9.95,9451,376,26080,232
판타지,데드퀸,80,5727,9.92,8449,286,23963,398
판타지,데드퀸,81,5763,9.96,8435,520,40099,328
판타지,데드퀸,82,5397,9.96,8021,440,27275,198
판타지,더게이머,407,1540,8.34,3016,288,4632,164
판타지,더게이머,408,1496,8.08,2702,369,4221,128
판타지,더게이머,409,1460,7.72,2759,276,3138,84
판타지,더게이머,410,1427,4.62,4861,836,3740,111
판타지,더게이머,411,1343,4.29,4940,702,4216,233
판타지,더게이머,412,1391,7.08,2920,395,4460,123
판타지,더게이머,413,1334,4.01,6140,708,6607,189
판타지,더게이머,414,1208,6.1,2883,382,2616,151
판타지,더게이머,415,1184,5.39,3337,631,3621,118
판타지,더게이머,416,1083,3.74,4977,694,4033,133
판타지,더게이머,417,1019,5.44,2952,375,3733,74
판타지,더게이머,418,942,7.09,2057,243,3218,85
판타지,낙향문사전,82,4070,9.94,4937,266,7767,54
판타지,낙향문사전,83,3874,9.91,4661,240,6404,33
판타지,낙향문사전,84,3958,9.91,4534,151,5626,91
판타지,낙향문사전,85,3542,9.91,4425,220,2720,29
판타지,낙향문사전,86,3685,9.9,4646,350,6107,45
판타지,낙향문사전,87,3375,8.66,4937,523,5402,154
판타지,낙향문사전,88,3300,9.68,4384,323,3260,89
판타지,낙향문사전,89,3111,9.88,4030,193,1295,30
판타지,낙향문사전,90,3066,9.78,4022,160,3738,245
판타지,낙향문사전,91,3177,9.79,4133,288,4883,27
판타지,낙향문사전,92,3046,9.82,3995,247,3587,133
판타지,낙향문사전,93,2688,9.84,3335,379,2754,44
판타지,나노머신,83,13554,9.93,14946,650,27994,384
판타지,나노머신,84,14000,9.95,15572,1447,39040,803
판타지,나노머신,85,13573,9.96,14726,795,19964,473
판타지,나노머신,86,13585,9.96,15547,832,32951,590
판타지,나노머신,87,12986,9.96,14387,565,28149,307
판타지,나노머신,88,13372,9.97,14386,887,33445,350
판타지,나노머신,89,13143,9.95,15006,1132,36187,341
판타지,나노머신,90,12585,9.97,14164,710,21512,376
판타지,나노머신,91,11831,9.94,13516,565,29107,281
판타지,나노머신,92,12431,9.97,13899,1058,39791,431
판타지,나노머신,93,12320,9.97,14650,1353,38243,428
판타지,나노머신,94,12969,9.97,15969,1963,41742,547
판타지,트롤트랩,185,3951,9.88,4203,577,4162,29
판타지,트롤트랩,186,4096,9.88,7348,510,4841,59
판타지,트롤트랩,187,3285,9.9,3405,108,5402,126
판타지,트롤트랩,188,3185,9.89,3275,174,6492,76
판타지,트롤트랩,189,3150,9.87,3260,163,4476,53
판타지,트롤트랩,190,3083,9.88,3319,202,4603,90
판타지,트롤트랩,191,2968,9.77,3286,510,3441,26
판타지,트롤트랩,192,2918,9.88,3056,252,5715,66
판타지,트롤트랩,193,2668,9.84,2941,244,2332,18
판타지,트롤트랩,194,2704,9.85,2974,235,6791,60
판타지,트롤트랩,195,2544,9.82,2712,160,4366,121
판타지,트롤트랩,196,2082,8.32,2925,281,5119,90
스릴러,기기괴괴,384,13194,9.94,22058,1280,96145,478
스릴러,기기괴괴,385,9874,9.94,12743,556,47343,2513
스릴러,기기괴괴,386,10155,9.87,12933,642,73388,4047
스릴러,기기괴괴,387,8815,9.96,10496,292,41377,1243
스릴러,기기괴괴,388,8534,9.96,10436,267,37853,361
스릴러,기기괴괴,389,8104,9.92,10518,159,31915,699
스릴러,기기괴괴,390,8154,9.95,10412,213,31284,300
스릴러,기기괴괴,391,8195,9.49,11096,357,51521,627
스릴러,기기괴괴,392,7100,9.96,8824,451,33249,489
스릴러,기기괴괴,393,6257,9.95,7699,166,16096,270
스릴러,기기괴괴,394,6162,9.95,8269,433,31114,177
스릴러,기기괴괴,395,4224,9.94,5120,150,19240,279
스릴러,꿈의기업,268,1209,9.95,1869,100,4159,23
스릴러,꿈의기업,269,1135,9.94,1805,72,5405,38
스릴러,꿈의기업,270,1168,9.94,1700,71,3972,114
스릴러,꿈의기업,271,1159,9.95,1816,114,4771,26
스릴러,꿈의기업,272,1132,9.96,1744,96,6163,26
스릴러,꿈의기업,273,1081,9.96,1654,78,2668,28
스릴러,꿈의기업,274,1080,9.96,1662,83,3319,19
스릴러,꿈의기업,275,1082,9.94,1639,78,3453,12
스릴러,꿈의기업,276,1147,9.95,1752,78,2875,27
스릴러,꿈의기업,277,1101,9.93,1767,147,4367,32
스릴러,꿈의기업,278,918,9.95,1450,118,2403,33
스릴러,꿈의기업,279,786,9.93,1260,99,4848,41
스릴러,니나마법서랍,82,8393,9.96,10370,340,61274,182
스릴러,니나마법서랍,83,8272,9.97,10022,272,69289,425
스릴러,니나마법서랍,84,8207,9.97,9698,469,58582,339
스릴러,니나마법서랍,85,7968,9.97,10052,322,73820,190
스릴러,니나마법서랍,86,7982,9.98,10040,226,71796,419
스릴러,니나마법서랍,87,7766,9.98,9528,196,43729,207
스릴러,니나마법서랍,88,7568,9.97,9625,356,60781,183
스릴러,니나마법서랍,89,7461,9.97,9501,203,56960,193
스릴러,니나마법서랍,90,7233,9.98,8961,211,53898,227
스릴러,니나마법서랍,91,6897,9.95,8601,646,44427,164
스릴러,니나마법서랍,92,6560,9.96,8362,317,49070,180
스릴러,니나마법서랍,93,5719,9.94,7367,377,47457,141
스릴러,미래의골동품가게,74,4502,9.98,6616,642,15130,83
스릴러,미래의골동품가게,75,4218,9.98,6306,662,23750,123
스릴러,미래의골동품가게,76,5076,9.98,9254,573,21713,147
스릴러,미래의골동품가게,77,5401,9.98,8452,608,17927,138
스릴러,미래의골동품가게,78,4261,9.98,6632,382,15137,159
스릴러,미래의골동품가게,79,4370,9.98,6489,417,11555,177
스릴러,미래의골동품가게,80,4241,9.97,6563,493,13288,146
스릴러,미래의골동품가게,81,4723,9.98,7486,623,17947,106
스릴러,미래의골동품가게,82,4478,9.97,7589,696,15996,103
스릴러,미래의골동품가게,83,3701,9.98,5696,468,16514,93
스릴러,미래의골동품가게,84,4116,9.99,6951,431,13373,89
스릴러,미래의골동품가게,85,3365,9.98,5375,515,14279,81
스릴러,방탈출,112,2581,9.97,2721,76,10653,99
스릴러,방탈출,113,2483,9.92,2721,98,11013,82
스릴러,방탈출,114,2767,9.97,3228,145,16507,79
스릴러,방탈출,115,2537,9.96,2647,118,14460,84
스릴러,방탈출,116,2469,9.95,2589,99,11518,102
스릴러,방탈출,117,2591,9.96,2841,134,16786,141
스릴러,방탈출,118,2385,9.96,2684,194,14915,119
스릴러,방탈출,119,2272,9.93,2495,203,10128,371
스릴러,방탈출,120,2423,9.96,2650,201,12976,116
스릴러,방탈출,121,2201,9.95,2165,216,10932,65
스릴러,방탈출,122,1835,9.96,1971,157,6664,70
스릴러,방탈출,123,1392,9.96,1554,93,7450,63
스릴러,아도나이,141,1283,9.75,2083,83,4781,90
스릴러,아도나이,142,1246,9.78,2031,52,2322,54
스릴러,아도나이,143,1216,9.83,2017,65,3267,106
스릴러,아도나이,144,1164,9.69,1959,81,2313,42
스릴러,아도나이,145,1125,9.74,1940,69,2951,158
스릴러,아도나이,146,1075,9.83,1807,49,2874,106
스릴러,아도나이,147,1091,9.8,1836,77,3330,129
스릴러,아도나이,148,1131,9.86,1854,81,8899,57
스릴러,아도나이,149,1044,9.85,1831,74,5044,51
스릴러,아도나이,150,957,9.77,1710,41,2479,154
스릴러,아도나이,151,874,9.83,1584,83,2606,133
스릴러,아도나이,152,715,9.78,1605,76,2827,56
스릴러,안개무덤,107,1071,9.9,1782,93,2899,47
스릴러,안개무덤,108,1034,9.92,1776,100,3877,18
스릴러,안개무덤,109,990,9.92,1698,89,2134,39
스릴러,안개무덤,110,1010,9.9,1793,94,2602,26
스릴러,안개무덤,111,1007,9.91,1830,109,2912,33
스릴러,안개무덤,112,930,9.89,1608,125,2945,20
스릴러,안개무덤,113,903,9.77,1601,93,2237,73
스릴러,안개무덤,114,899,9.89,1559,109,1951,33
스릴러,안개무덤,115,828,9.89,1511,97,2014,35
스릴러,안개무덤,116,756,9.89,1308,111,2295,27
스릴러,안개무덤,117,727,9.9,1246,104,2697,36
스릴러,안개무덤,118,471,9.88,876,56,1828,27
스릴러,원주민공포만화,234,4266,9.82,4569,516,9487,178
스릴러,원주민공포만화,235,4083,9.85,4415,353,11307,168
스릴러,원주민공포만화,236,3777,9.94,3827,143,5790,110
스릴러,원주민공포만화,237,3771,9.95,4317,302,11791,133
스릴러,원주민공포만화,238,3752,9.94,4529,375,16700,141
스릴러,원주민공포만화,239,3616,9.94,4174,362,9914,146
스릴러,원주민공포만화,240,3648,9.92,4328,462,20663,146
스릴러,원주민공포만화,241,3599,9.93,4216,391,13497,125
스릴러,원주민공포만화,242,3383,9.88,4024,420,13016,184
스릴러,원주민공포만화,243,3911,9.9,5025,706,21557,247
스릴러,원주민공포만화,244,2965,9.92,3296,387,12244,132
스릴러,원주민공포만화,245,2605,9.92,3108,276,10102,147
스릴러,피라미드게임,94,10362,9.98,8794,470,83967,991
스릴러,피라미드게임,95,10013,9.96,8593,373,88063,152
스릴러,피라미드게임,96,11006,9.98,10193,434,73486,220
스릴러,피라미드게임,97,12478,9.99,11877,959,117401,116
스릴러,피라미드게임,98,10332,9.98,9081,348,76946,190
스릴러,피라미드게임,99,9823,9.94,8375,414,64568,467
스릴러,피라미드게임,100,9523,9.92,8025,368,56186,198
스릴러,피라미드게임,101,9349,9.96,8162,297,73903,289
스릴러,피라미드게임,102,9255,9.98,7990,357,69513,311
스릴러,피라미드게임,103,9884,9.98,8731,570,90741,120
스릴러,피라미드게임,104,12363,9.98,13408,1378,103183,177
스릴러,피라미드게임,105,7838,9.98,7132,245,53017,110
순정,로어올림푸스,162,1857,9.98,2264,48,14506,54
순정,로어올림푸스,163,1771,9.98,2239,70,13766,55
순정,로어올림푸스,164,1832,9.98,2579,52,13612,68
순정,로어올림푸스,165,1756,9.98,2124,70,13779,77
순정,로어올림푸스,166,1645,9.98,2026,52,8576,56
순정,로어올림푸스,167,1631,9.98,2019,65,12693,41
순정,로어올림푸스,168,1596,9.98,1955,68,14012,58
순정,로어올림푸스,169,1577,9.98,1940,76,15527,62
순정,로어올림푸스,170,1543,9.98,2014,60,9629,62
순정,로어올림푸스,171,1663,9.98,2143,119,21574,41
순정,로어올림푸스,172,1608,9.98,2091,123,13012,34
순정,로어올림푸스,173,1226,9.99,1612,53,6560,35
순정,아는여자애,104,9829,9.98,9159,348,58824,180
순정,아는여자애,105,8942,9.97,8227,195,42630,193
순정,아는여자애,106,9045,9.95,8564,237,47405,797
순정,아는여자애,107,9269,9.97,8340,263,61541,441
순정,아는여자애,108,9645,9.98,9443,355,41559,181
순정,아는여자애,109,10382,9.98,9663,512,62186,214
순정,아는여자애,110,10122,9.98,9539,597,58639,1196
순정,아는여자애,111,12919,9.98,12221,1348,112251,281
순정,아는여자애,112,9230,9.98,8413,219,50111,116
순정,아는여자애,113,8624,9.98,7855,245,47637,95
순정,아는여자애,114,8827,9.96,8371,483,42377,348
순정,아는여자애,115,8604,9.97,8385,643,36519,288
순정,여신강림,196,17878,8.81,17672,1206,106283,1477
순정,여신강림,197,19344,9.25,20706,1641,79385,4863
순정,여신강림,198,23684,9.46,28621,2165,140472,5144
순정,여신강림,199,17003,9.14,16052,1046,82844,1305
순정,여신강림,200,17465,8.82,17364,1486,86027,2784
순정,여신강림,201,16475,9.28,15896,780,73271,1123
순정,여신강림,202,15579,8.8,15718,754,77779,2027
순정,여신강림,203,16216,8.83,15906,1375,104879,1699
순정,여신강림,204,15270,8.35,15860,2168,148843,2009
순정,여신강림,205,14142,8.8,14475,1289,71003,1602
순정,여신강림,206,13062,8.12,13843,1206,97448,1431
순정,여신강림,207,11558,9.12,11620,1869,122828,943
순정,오로지너를이기고싶어,132,13777,9.88,12363,938,42269,370
순정,오로지너를이기고싶어,133,14496,9.97,11894,1542,56966,434
순정,오로지너를이기고싶어,134,15098,9.93,13705,1552,70722,246
순정,오로지너를이기고싶어,135,13874,9.93,10718,1206,33016,127
순정,오로지너를이기고싶어,136,13742,9.95,11413,1728,43163,218
순정,오로지너를이기고싶어,137,13028,9.94,11271,1136,34141,133
순정,오로지너를이기고싶어,138,12684,9.96,10162,934,35999,236
순정,오로지너를이기고싶어,139,12934,9.97,10486,1197,39477,299
순정,오로지너를이기고싶어,140,11906,9.91,9568,923,55287,115
순정,오로지너를이기고싶어,141,13430,9.97,12003,1923,57796,286
순정,오로지너를이기고싶어,142,13246,9.96,11497,1844,46354,294
순정,오로지너를이기고싶어,143,12440,9.97,12650,2014,48398,272
순정,이두나!,130,11285,9.93,12996,461,46450,1228
순정,이두나!,131,11069,9.93,12579,387,63390,368
순정,이두나!,132,11221,9.95,14041,543,50917,314
순정,이두나!,133,11166,9.95,13098,497,44609,595
순정,이두나!,134,10902,9.93,12448,528,51740,268
순정,이두나!,135,11094,9.82,13483,982,97042,753
순정,이두나!,136,11532,9.83,14989,1059,63658,817
순정,이두나!,137,10998,9.65,13614,1014,51984,600
순정,이두나!,138,12120,9.8,15093,1784,54647,684
순정,이두나!,139,9960,7.1,20030,3404,67934,2892
순정,이두나!,140,11253,6.15,39478,5699,66932,7156
순정,이두나!,141,5900,8.47,13624,1559,45635,4906
순정,재혼황후,99,23120,9.98,20870,644,147814,789
순정,재혼황후,100,23614,9.96,21133,584,109444,1568
순정,재혼황후,101,22737,9.98,21734,499,106257,624
순정,재혼황후,102,24496,9.97,22540,1176,75590,397
순정,재혼황후,103,22903,9.93,22251,1483,81020,1566
순정,재혼황후,104,22768,9.97,20818,1425,153821,383
순정,재혼황후,105,21490,9.98,20422,622,105433,575
순정,재혼황후,106,20119,9.98,19275,499,90181,512
순정,재혼황후,107,19610,9.98,18523,292,81022,292
순정,재혼황후,108,20009,9.98,19565,1590,120743,373
순정,재혼황후,109,18385,9.98,17428,702,85398,389
순정,재혼황후,110,16724,9.98,16988,1101,83392,407
순정,하루만네가되고싶어,107,22066,9.98,21227,904,119899,1203
순정,하루만네가되고싶어,108,21724,9.97,20445,1038,155537,1803
순정,하루만네가되고싶어,109,22736,9.97,21070,1283,178766,848
순정,하루만네가되고싶어,110,20901,9.98,19110,1157,143949,404
순정,하루만네가되고싶어,111,21440,9.98,21138,1096,176780,318
순정,하루만네가되고싶어,112,20334,9.96,19358,1309,156713,968
순정,하루만네가되고싶어,113,18280,9.95,17808,628,110419,667
순정,하루만네가되고싶어,114,17151,9.97,17345,485,77510,564
순정,하루만네가되고싶어,115,16548,9.97,16384,998,93662,661
순정,하루만네가되고싶어,116,17227,9.98,17022,1152,157972,311
순정,하루만네가되고싶어,117,15571,9.97,15332,1090,112018,1256
순정,하루만네가되고싶어,118,14497,9.97,14590,884,115603,401
순정,홍시는날좋아해!,173,8547,9.99,8255,290,54005,77
순정,홍시는날좋아해!,174,8612,9.99,8202,407,37344,96
순정,홍시는날좋아해!,175,9310,9.98,8486,432,52218,66
순정,홍시는날좋아해!,176,8291,9.98,8084,302,56369,61
순정,홍시는날좋아해!,177,7539,9.99,7431,203,38657,48
순정,홍시는날좋아해!,178,7964,9.98,7782,791,65023,50
순정,홍시는날좋아해!,179,7114,9.98,6812,250,39643,205
순정,홍시는날좋아해!,180,7025,9.98,6903,211,35785,44
순정,홍시는날좋아해!,181,7128,9.98,7303,387,92536,94
순정,홍시는날좋아해!,182,7161,9.98,7149,267,52426,139
순정,홍시는날좋아해!,183,6023,9.99,5949,296,28211,43
순정,홍시는날좋아해!,184,5136,9.98,5341,178,15654,230
순정,아홉수우리들,130,13722,9.99,18528,1463,149839,1299
순정,아홉수우리들,131,10998,9.99,14435,371,76018,178
순정,아홉수우리들,132,10738,9.99,15210,329,39853,553
순정,아홉수우리들,133,11166,9.99,14975,549,74688,157
순정,아홉수우리들,134,11980,9.99,18243,419,76564,289
순정,아홉수우리들,135,11640,9.98,15539,801,114324,655
순정,아홉수우리들,136,11403,9.99,14986,591,62399,263
순정,아홉수우리들,137,10113,9.99,13531,435,52109,291
순정,아홉수우리들,138,11226,9.99,14455,777,89079,173
순정,아홉수우리들,139,10863,9.98,13786,909,121098,1013
순정,아홉수우리들,140,14479,9.98,18136,2664,155090,649
순정,아홉수우리들,141,8559,9.96,11028,954,108082,1893
순정,모락모락왕세자님,103,924,9.93,928,76,2229,49
순정,모락모락왕세자님,104,861,9.94,885,40,2088,20
순정,모락모락왕세자님,105,841,9.9,832,54,1756,11
순정,모락모락왕세자님,106,806,9.94,870,35,1365,4
순정,모락모락왕세자님,107,813,9.92,852,75,2106,3
순정,모락모락왕세자님,108,796,9.92,815,59,623,7
순정,모락모락왕세자님,109,741,9.93,775,27,1060,12
순정,모락모락왕세자님,110,662,9.88,706,45,910,17
순정,모락모락왕세자님,111,645,9.88,663,56,895,9
순정,모락모락왕세자님,112,628,9.91,631,35,1017,6
순정,모락모락왕세자님,113,583,9.91,565,34,923,3
순정,모락모락왕세자님,114,491,9.88,491,28,733,7
액션,더복서,112,22658,9.64,29817,2200,78878,1644
액션,더복서,113,42013,9.8,48921,11013,205253,3456
액션,더복서,114,34748,9.84,38254,8538,168715,3030
액션,더복서,115,18918,9.95,17893,1033,61962,656
액션,더복서,116,16490,9.92,16665,977,73051,576
액션,더복서,117,17217,9.96,17373,1113,84065,716
액션,더복서,118,17156,9.96,17766,1315,80269,690
액션,더복서,119,16470,9.96,17366,980,63668,664
액션,더복서,120,15265,9.93,15753,745,64183,478
액션,더복서,121,14834,9.95,15153,914,48216,1706
액션,더복서,122,16787,9.95,19764,1481,57867,1289
액션,더복서,123,13441,9.96,13341,827,44310,1059
액션,사신소년,130,15342,9.95,13393,1263,47828,754
액션,사신소년,131,14944,9.94,15035,1315,39049,511
액션,사신소년,132,15597,9.95,14720,1808,59865,619
액션,사신소년,133,15488,9.92,15137,1669,43054,1211
액션,사신소년,134,16014,9.96,15075,2740,75349,903
액션,사신소년,135,13867,9.85,13016,1695,23470,302
액션,사신소년,136,14177,9.75,17708,1350,41102,549
액션,사신소년,137,13018,9.61,13442,1136,36485,896
액션,사신소년,138,12895,9.83,11967,1444,26702,639
액션,사신소년,139,12868,9.81,12423,1089,30021,545
액션,사신소년,140,12604,9.79,15806,1013,32271,501
액션,사신소년,141,11297,9.94,11850,1654,58000,418
액션,쇼미더럭키짱,92,3650,9.72,4222,301,13435,151
액션,쇼미더럭키짱,93,3719,9.55,5039,440,20656,367
액션,쇼미더럭키짱,94,3679,9.77,4589,325,21001,320
액션,쇼미더럭키짱,95,3686,9.78,4391,376,11474,1034
액션,쇼미더럭키짱,96,3417,9.73,3920,351,12883,261
액션,쇼미더럭키짱,97,3331,9.69,3850,378,14512,400
액션,쇼미더럭키짱,98,3384,9.76,4148,373,19601,488
액션,쇼미더럭키짱,99,3200,9.76,3596,308,20936,321
액션,쇼미더럭키짱,100,3119,9.71,3512,524,25091,305
액션,쇼미더럭키짱,101,2930,9.71,3380,239,17559,374
액션,쇼미더럭키짱,102,2498,9.7,2996,259,11274,502
액션,쇼미더럭키짱,103,2229,9.72,2724,443,10185,127
액션,싸움독학,114,26794,9.76,22374,1435,81920,1901
액션,싸움독학,115,27352,9.86,23792,1565,90626,2900
액션,싸움독학,116,27390,9.86,23583,3026,87653,1212
액션,싸움독학,117,25884,9.89,21312,2382,124947,1245
액션,싸움독학,118,29823,9.93,30506,3677,114037,1461
액션,싸움독학,119,26477,9.89,21754,2228,121678,1239
액션,싸움독학,120,30913,9.88,25011,5655,210397,2689
액션,싸움독학,121,29103,9.95,28194,3666,111773,1066
액션,싸움독학,122,28457,9.89,28339,3943,119315,2952
액션,싸움독학,123,28910,9.91,29146,4898,150111,1611
액션,싸움독학,124,27236,9.68,36210,3760,85551,4381
액션,싸움독학,125,22507,9.52,24128,2990,109053,1226
액션,약한영웅,174,9362,9.66,12229,1402,38755,620
액션,약한영웅,175,8988,9.72,10988,1129,36488,508
액션,약한영웅,176,8664,7.28,17750,1252,35163,1196
액션,약한영웅,177,8403,8.61,12110,1235,28331,1002
액션,약한영웅,178,8974,9.5,11840,1356,35644,758
액션,약한영웅,179,8000,9.79,9467,521,24316,361
액션,약한영웅,180,8522,9.69,12222,517,29831,677
액션,약한영웅,181,7500,8.49,10443,1051,25838,1721
액션,약한영웅,182,8712,9.92,11091,726,55715,266
액션,약한영웅,183,7789,9.94,8755,489,32495,293
액션,약한영웅,184,7263,9.91,8556,512,19648,241
액션,약한영웅,185,6872,9.89,8159,515,15403,286
액션,튜토리얼탑의고인물,91,10088,9.92,9442,540,26129,255
액션,튜토리얼탑의고인물,92,9470,9.95,8596,235,15460,123
액션,튜토리얼탑의고인물,93,9294,9.95,8943,444,16578,227
액션,튜토리얼탑의고인물,94,8735,9.91,8300,201,11228,124
액션,튜토리얼탑의고인물,95,8536,9.93,8244,234,17270,224
액션,튜토리얼탑의고인물,96,8358,9.94,8444,223,14255,123
액션,튜토리얼탑의고인물,97,7678,9.91,7536,207,9120,79
액션,튜토리얼탑의고인물,98,7904,9.93,7913,271,14442,218
액션,튜토리얼탑의고인물,99,7497,9.93,7331,251,8161,130
액션,튜토리얼탑의고인물,100,7502,9.92,7592,406,7704,216
액션,튜토리얼탑의고인물,101,6659,9.79,6745,318,11365,247
액션,튜토리얼탑의고인물,102,4752,9.92,4901,245,5007,75
액션,헬퍼2,287,3096,6.51,8202,755,11809,726
액션,헬퍼2,288,3557,8.11,9521,924,18919,1037
액션,헬퍼2,289,2941,5.55,8995,1181,11330,698
액션,헬퍼2,290,3147,7.37,7887,584,12172,946
액션,헬퍼2,291,3631,8.37,8513,819,17618,628
액션,헬퍼2,292,3987,8.7,9568,1002,23806,559
액션,헬퍼2,293,3253,7.83,7504,816,12771,375
액션,헬퍼2,294,3254,7.9,7867,580,10342,506
액션,헬퍼2,295,3075,6.54,8015,1342,23872,2965
액션,헬퍼2,296,2874,5.73,9070,1693,12296,1666
액션,헬퍼2,297,2569,4.84,14822,1983,19347,830
액션,헬퍼2,298,1881,5.04,7215,1333,8900,620
액션,장씨세가호위무사,140,7773,9.85,10443,1088,29158,225
액션,장씨세가호위무사,141,8178,9.85,12338,1102,22542,658
액션,장씨세가호위무사,142,7790,9.94,10131,660,15972,337
액션,장씨세가호위무사,143,6527,9.92,8394,234,5162,297
액션,장씨세가호위무사,144,6384,9.87,8559,355,13822,572
액션,장씨세가호위무사,145,6723,9.87,8876,337,16033,583
액션,장씨세가호위무사,146,6068,9.91,8279,300,7329,106
액션,장씨세가호위무사,147,6675,9.86,9358,875,10163,195
액션,장씨세가호위무사,148,5715,9.38,8594,608,4146,444
액션,장씨세가호위무사,149,5824,9.86,8130,393,7853,140
액션,장씨세가호위무사,150,5490,9.59,9015,493,3887,136
액션,장씨세가호위무사,151,5409,9.92,7504,354,12408,180
액션,초인의시대,109,11264,9.96,12336,679,21962,355
액션,초인의시대,110,11067,9.84,14167,566,14567,367
액션,초인의시대,111,10875,9.89,13190,748,21606,540
액션,초인의시대,112,11209,9.93,13265,655,24641,359
액션,초인의시대,113,11414,9.95,13452,760,32187,635
액션,초인의시대,114,10887,9.93,12424,577,24260,458
액션,초인의시대,115,10093,9.86,11460,510,18512,464
액션,초인의시대,116,10177,9.82,13753,773,23175,575
액션,초인의시대,117,9810,9.73,13020,1092,11943,349
액션,초인의시대,118,10039,9.91,10932,715,29803,320
액션,초인의시대,119,9350,9.88,11119,688,17041,261
액션,초인의시대,120,9080,9.82,11455,1067,22098,348
액션,일렉시드,173,12373,9.95,11433,1073,49789,432
액션,일렉시드,174,12708,9.96,11989,1253,49700,250
액션,일렉시드,175,14059,9.92,14034,2481,76235,364
액션,일렉시드,176,13167,9.98,12124,1992,68541,1084
액션,일렉시드,177,13956,9.97,13241,2758,76460,319
액션,일렉시드,178,13449,9.95,12158,1644,52402,253
액션,일렉시드,179,12855,9.94,12899,1159,60568,168
액션,일렉시드,180,11681,9.96,10938,1140,42663,236
액션,일렉시드,181,11013,9.92,11328,955,28705,901
액션,일렉시드,182,11258,9.91,11174,1426,33603,290
액션,일렉시드,183,11047,9.82,11950,1369,34737,1138
액션,일렉시드,184,10426,9.94,10631,1534,39795,342
